{
  "train_loss": [
    1.4253540710166648,
    1.2219129571208247,
    1.1381374782986111,
    1.1045195575113649,
    1.0556430419286091,
    1.004445481300354,
    1.0283177547984652,
    1.0017131787759286,
    0.9773247250804195,
    0.9619478578920717,
    0.9629958267565126,
    0.9380641288227505,
    0.9336289644241333,
    0.925948926254555,
    0.9015195722933169,
    0.8641894110926875,
    0.8645448057739823,
    0.8746406828915632,
    0.8516922160431191,
    0.8662486058694345
  ],
  "val_loss": [
    0.9602425495783488,
    0.7905414038234286,
    0.8263058662414551,
    0.8464989794625176,
    0.7206351723935869,
    0.7464422053760953,
    0.7934262388282352,
    1.0689855085478888,
    0.7274643977483114,
    0.7096176478597853,
    0.7247144116295708,
    0.7037658757633634,
    0.6761294934484694,
    0.6586829788155026,
    0.6450513733757867,
    0.6349333127339681,
    0.626731942097346,
    0.6241756313376956,
    0.6289767920970917,
    0.6217004424995847
  ],
  "train_acc": [
    0.4398148148148148,
    0.5532407407407407,
    0.6,
    0.6171296296296296,
    0.6453703703703704,
    0.6810185185185185,
    0.6527777777777778,
    0.6884259259259259,
    0.6893518518518519,
    0.6986111111111111,
    0.7069444444444445,
    0.7101851851851851,
    0.7212962962962963,
    0.7208333333333333,
    0.7277777777777777,
    0.7611111111111111,
    0.75,
    0.75,
    0.7675925925925926,
    0.7583333333333333
  ],
  "val_acc": [
    0.8472222222222222,
    0.8194444444444444,
    0.7777777777777778,
    0.8194444444444444,
    0.8194444444444444,
    0.9027777777777778,
    0.7083333333333334,
    0.7222222222222222,
    0.8055555555555556,
    0.8055555555555556,
    0.7777777777777778,
    0.9305555555555556,
    0.9722222222222222,
    0.9444444444444444,
    1.0,
    0.8472222222222222,
    0.9722222222222222,
    0.9722222222222222,
    0.9722222222222222,
    0.9722222222222222
  ]
}