{
  "train_loss": [
    1.493545831574334,
    1.2004077858395046,
    1.148067037264506,
    1.005557248327467,
    1.0407557672924466,
    0.9027323828803169,
    0.9650210274590386,
    0.8880052036709256,
    0.7982999854617648,
    0.7548238674799601,
    0.7785949336157905,
    0.6770141098234389,
    0.7573770814471774,
    0.693375653690762,
    0.6975754896799723
  ],
  "val_loss": [
    0.8372379077805413,
    0.8241665694448683,
    0.7480112446679009,
    0.8392514983812968,
    0.7397447029749552,
    0.7868894305494096,
    0.9158927665816413,
    0.782019724448522,
    0.6639076007737054,
    0.5918620957268609,
    0.5889968739615546,
    0.5713684757550558,
    0.5661064684391022,
    0.581351661019855,
    0.5614213546117147
  ],
  "train_acc": [
    0.45555555555555555,
    0.5722222222222222,
    0.6388888888888888,
    0.6666666666666666,
    0.6944444444444444,
    0.7722222222222223,
    0.7055555555555556,
    0.7472222222222222,
    0.8083333333333333,
    0.8277777777777777,
    0.7972222222222223,
    0.8888888888888888,
    0.8305555555555556,
    0.8722222222222222,
    0.8527777777777777
  ],
  "val_acc": [
    0.8472222222222222,
    0.8194444444444444,
    0.9027777777777778,
    0.6805555555555556,
    0.7222222222222222,
    0.8194444444444444,
    0.6388888888888888,
    0.6666666666666666,
    0.8333333333333334,
    0.9722222222222222,
    1.0,
    0.9861111111111112,
    0.9861111111111112,
    0.9444444444444444,
    0.9861111111111112
  ]
}